{
    "CompileProcesses": [
        "cgproc.17135.json"
    ],
    "NameTable": {
        "std": [
            "std",
            "reYIK",
            "module",
            1
        ],
        "...MASTER...": [
            "SIM",
            "amcQw",
            "module",
            4
        ],
        "tb_latch": [
            "tb_latch",
            "BmK9Z",
            "module",
            2
        ],
        "glbl": [
            "glbl",
            "WZg7r",
            "module",
            3
        ]
    },
    "cycles_program_begin": 5602104387758,
    "stat": {
        "ru_childs_end": {
            "ru_nvcsw": 48,
            "ru_majflt": 9,
            "ru_utime_sec": 0.039777,
            "ru_stime_sec": 0.075297000000000003,
            "ru_minflt": 14591,
            "ru_maxrss_kb": 46372,
            "ru_nivcsw": 12
        },
        "cpu_cycles_end": 5603251384041,
        "ru_self_end": {
            "ru_nvcsw": 744,
            "ru_majflt": 27,
            "ru_utime_sec": 0.205988,
            "ru_stime_sec": 0.235566,
            "ru_minflt": 38594,
            "ru_maxrss_kb": 104152,
            "ru_nivcsw": 21
        },
        "ru_self_cgstart": {
            "ru_nvcsw": 734,
            "ru_majflt": 26,
            "ru_utime_sec": 0.178951,
            "ru_stime_sec": 0.221523,
            "ru_minflt": 34629,
            "ru_maxrss_kb": 98460,
            "ru_nivcsw": 18
        },
        "nMops": 2292,
        "ru_childs_cgstart": {
            "ru_nvcsw": 21,
            "ru_majflt": 6,
            "ru_utime_sec": 0.012531,
            "ru_stime_sec": 0.032566999999999999,
            "ru_minflt": 5799,
            "ru_maxrss_kb": 44780,
            "ru_nivcsw": 2
        },
        "peak_mem_kb": 339972,
        "cpu_cycles_cgstart": 5602823014330,
        "nQuads": 1143,
        "outputSizePerQuad": 121.43832020997375,
        "totalObjSize": 138804,
        "cpu_cycles_total": 1146996283,
        "realTime": 0.58651113510131836,
        "mopSpeed": 42223.163789768412,
        "quadSpeed": 21056.31597369341,
        "CodeGen(%)": 22.08735987630461,
        "mop/quad": 2.0052493438320211,
        "Frontend(%)": 77.912640123695397
    },
    "perf": [
        {
            "stat": [
                "main",
                "entry",
                0.20419907569885254,
                0.089938000000000004,
                0.12942300000000001,
                254392,
                254392,
                0.0,
                0.0,
                1710924820.724468,
                5602104704203
            ],
            "sub": [
                {
                    "stat": [
                        "doParsingAndDesignResolution",
                        "entry",
                        0.20894408226013184,
                        0.091762999999999997,
                        0.13218299999999999,
                        256516,
                        256640,
                        0.0,
                        0.0,
                        1710924820.729213,
                        5602118893001
                    ],
                    "sub": []
                },
                {
                    "stat": [
                        "doParsingAndDesignResolution",
                        "exit",
                        0.3012850284576416,
                        0.128112,
                        0.17871200000000001,
                        266584,
                        266588,
                        0.0,
                        0.0,
                        1710924820.8215539,
                        5602395921501
                    ],
                    "sub": []
                },
                {
                    "stat": [
                        "doPostDesignResolutionToVir2Vcs",
                        "entry",
                        0.30227518081665039,
                        0.128112,
                        0.179702,
                        266896,
                        266900,
                        0.0,
                        0.0,
                        1710924820.8225441,
                        5602399072198
                    ],
                    "sub": [
                        {
                            "stat": [
                                "doUptoVir2VcsNoSepCleanup",
                                "entry",
                                0.30916810035705566,
                                0.13017899999999999,
                                0.184448,
                                267864,
                                267868,
                                0.0,
                                0.0,
                                1710924820.829437,
                                5602419553791
                            ],
                            "sub": []
                        },
                        {
                            "stat": [
                                "doUptoVir2VcsNoSepCleanup",
                                "exit",
                                0.38649797439575195,
                                0.171573,
                                0.21393699999999999,
                                337972,
                                337992,
                                0.0,
                                0.0,
                                1710924820.9067669,
                                5602651574361
                            ],
                            "sub": []
                        },
                        {
                            "stat": [
                                "doRadify_vir2vcsAll",
                                "entry",
                                0.38657903671264648,
                                0.17161000000000001,
                                0.21398300000000001,
                                337972,
                                337992,
                                0.0,
                                0.0,
                                1710924820.906848,
                                5602651900962
                            ],
                            "sub": []
                        },
                        {
                            "stat": [
                                "doRadify_vir2vcsAll",
                                "exit",
                                0.39147400856018066,
                                0.17350399999999999,
                                0.21687999999999999,
                                337972,
                                337992,
                                0.0,
                                0.0,
                                1710924820.9117429,
                                5602666893709
                            ],
                            "sub": []
                        }
                    ]
                },
                {
                    "stat": [
                        "doPostDesignResolutionToVir2Vcs",
                        "exit",
                        0.39165711402893066,
                        0.17350399999999999,
                        0.21702299999999999,
                        337972,
                        337992,
                        0.0,
                        0.0,
                        1710924820.911926,
                        5602666994018
                    ],
                    "sub": []
                },
                {
                    "stat": [
                        "doGAToPass2",
                        "entry",
                        0.39169096946716309,
                        0.17350399999999999,
                        0.217057,
                        337972,
                        337992,
                        0.0,
                        0.0,
                        1710924820.9119599,
                        5602667076405
                    ],