{
    "cycles_program_begin": 6483947967769,
    "stat": {
        "nQuads": 833,
        "ru_self_cgstart": {
            "ru_majflt": 7,
            "ru_utime_sec": 0.14638899999999999,
            "ru_nvcsw": 1064,
            "ru_stime_sec": 0.33372600000000002,
            "ru_maxrss_kb": 98060,
            "ru_minflt": 34548,
            "ru_nivcsw": 9
        },
        "ru_self_end": {
            "ru_majflt": 7,
            "ru_utime_sec": 0.169155,
            "ru_nvcsw": 1073,
            "ru_stime_sec": 0.34375800000000001,
            "ru_maxrss_kb": 103520,
            "ru_minflt": 38383,
            "ru_nivcsw": 11
        },
        "ru_childs_cgstart": {
            "ru_majflt": 9,
            "ru_utime_sec": 0.012859000000000001,
            "ru_nvcsw": 39,
            "ru_stime_sec": 0.055212999999999998,
            "ru_maxrss_kb": 44724,
            "ru_minflt": 5796,
            "ru_nivcsw": 4
        },
        "cpu_cycles_cgstart": 6484868492837,
        "ru_childs_end": {
            "ru_majflt": 11,
            "ru_utime_sec": 0.036046000000000002,
            "ru_nvcsw": 83,
            "ru_stime_sec": 0.102247,
            "ru_maxrss_kb": 46176,
            "ru_minflt": 14587,
            "ru_nivcsw": 15
        },
        "nMops": 1634,
        "mopSpeed": 35558.070202163086,
        "outputSizePerQuad": 157.94957983193277,
        "totalObjSize": 131572,
        "cpu_cycles_total": 1245786697,
        "cpu_cycles_end": 6485193754466,
        "Frontend(%)": 77.605859620567145,
        "quadSpeed": 18127.216939046419,
        "peak_mem_kb": 339968,
        "mop/quad": 1.9615846338535414,
        "CodeGen(%)": 22.394140379432844,
        "realTime": 0.69798493385314941
    },
    "MlibObjs": {},
    "perf": [
        {
            "stat": [
                "main",
                "entry",
                0.28276300430297852,
                0.072729000000000002,
                0.22829099999999999,
                254392,
                254392,
                0.0,
                0.0,
                1710918874.3197491,
                6483948359634
            ],
            "sub": [
                {
                    "stat": [
                        "doParsingAndDesignResolution",
                        "entry",
                        0.28651094436645508,
                        0.074926000000000006,
                        0.22984199999999999,
                        256516,
                        256640,
                        0.0,
                        0.0,
                        1710918874.3234971,
                        6483959520330
                    ],
                    "sub": []
                },
                {
                    "stat": [
                        "doParsingAndDesignResolution",
                        "exit",
                        0.38668584823608398,
                        0.10134600000000001,
                        0.29593000000000003,
                        266584,
                        266588,
                        0.0,
                        0.0,
                        1710918874.423672,
                        6484260080042
                    ],
                    "sub": []
                },
                {
                    "stat": [
                        "doPostDesignResolutionToVir2Vcs",
                        "entry",
                        0.38785576820373535,
                        0.10134600000000001,
                        0.29709999999999998,
                        266896,
                        266900,
                        0.0,
                        0.0,
                        1710918874.4248419,
                        6484263566665
                    ],
                    "sub": [
                        {
                            "stat": [
                                "doUptoVir2VcsNoSepCleanup",
                                "entry",
                                0.39303493499755859,
                                0.103798,
                                0.29968699999999998,
                                267864,
                                267868,
                                0.0,
                                0.0,
                                1710918874.430021,
                                6484279110883
                            ],
                            "sub": []
                        },
                        {
                            "stat": [
                                "doUptoVir2VcsNoSepCleanup",
                                "exit",
                                0.50168490409851074,
                                0.13703899999999999,
                                0.33032600000000001,
                                337968,
                                337988,
                                0.0,
                                0.0,
                                1710918874.538671,
                                6484605091889
                            ],
                            "sub": []
                        },
                        {
                            "stat": [
                                "doRadify_vir2vcsAll",
                                "entry",
                                0.50183486938476562,
                                0.13703899999999999,
                                0.33047599999999999,
                                337968,
                                337988,
                                0.0,
                                0.0,
                                1710918874.538821,
                                6484605522036
                            ],
                            "sub": []
                        },
                        {
                            "stat": [
                                "doRadify_vir2vcsAll",
                                "exit",
                                0.50613689422607422,
                                0.139123,
                                0.33246300000000001,
                                337968,
                                337988,
                                0.0,
                                0.0,
                                1710918874.543123,
                                6484618432552
                            ],
                            "sub": []
                        }
                    ]
                },
                {
                    "stat": [
                        "doPostDesignResolutionToVir2Vcs",
                        "exit",
                        0.50618577003479004,
                        0.13913700000000001,
                        0.33249800000000002,
                        337968,
                        337988,
                        0.0,
                        0.0,
                        1710918874.5431719,
                        6484618518343
                    ],
                    "sub": []
                },
                {
                    "stat": [
                        "doGAToPass2",
                        "entry",
                        0.50621485710144043,
                        0.13914599999999999,
                        0.33251900000000001,
                        337968,
                        337988,
                        0.0,
                        0.0,
                        1710918874.543201,
                        6484618597690
                    ],