{
    "ObjArchives": [
        {
            "objects": [
                [
                    "BmK9Z_d.o",
                    18498
                ],
                [
                    "amcQwB.o",
                    113074
                ]
            ],
            "archive": "archive.1/_20369_archive_1.a",
            "size": 131572
        }
    ],
    "reusePaths": {
        "amcQw_d": {
            "icPath": "csrc"
        },
        "reYIK_d": {
            "icPath": "csrc"
        },
        "WZg7r_d": {
            "icPath": "csrc"
        }
    },
    "Modules": {
        "...MASTER...": {
            "start_perf": [
                0.58958697319030762,
                0.14640700000000001,
                0.33376699999999998,
                337968,
                337988,
                1710918874.6265731,
                6484868739286
            ],
            "nMops": 0,
            "child_modules": {
                "glbl": 1,
                "std": 1,
                "tb_latch": 1
            },
            "end_perf": [
                0.59795284271240234,
                0.14912,
                0.335009,
                337980,
                337988,
                6484893879498,
                0,
                0
            ],
            "nQuads": 0,
            "nRouts": 5
        },
        "glbl": {
            "start_perf": [
                0.61253786087036133,
                0.16169900000000001,
                0.33670299999999997,
                339944,
                339948,
                1710918874.649524,
                6484937576885
            ],
            "nMops": 301,
            "Compiled": "Yes",
            "child_modules": {},
            "Compiled Times": 2,
            "end_perf": [
                0.61496090888977051,
                0.16412099999999999,
                0.33670299999999997,
                339944,
                339948,
                6484944910349,
                21474836481,
                0
            ],
            "nQuads": 196,
            "nRouts": 29
        },
        "std": {
            "svclass": [
                "$vcs_nba_dyn_obj",
                0,
                37,
                2,
                2,
                0,
                "sigprop$$",
                0,
                37,
                2,
                2,
                0,
                "process",
                0,
                184,
                8,
                8,
                0,
                "event",
                0,
                36,
                2,
                2,
                0,
                "mailbox",
                0,
                107,
                9,
                9,
                0,
                "semaphore",
                0,
                71,
                5,
                5,
                0
            ],
            "start_perf": [
                0.598052978515625,
                0.14915100000000001,
                0.33507900000000002,
                337980,
                337988,
                1710918874.6350391,
                6484894126456
            ],
            "Compiled": "Yes",
            "nMops": 472,
            "child_modules": {},
            "Compiled Times": 2,
            "end_perf": [
                0.6031489372253418,
                0.15346499999999999,
                0.33557599999999999,
                337992,
                337996,
                6484909457089,
                12884901889,
                0
            ],
            "nQuads": 218,
            "nRouts": 33
        },
        "tb_latch": {
            "start_perf": [
                0.60320591926574707,
                0.15348300000000001,
                0.335617,
                337992,
                337996,
                1710918874.640192,
                6484909582962
            ],
            "nMops": 861,
            "Compiled": "Yes",
            "child_modules": {},
            "Compiled Times": 2,
            "end_perf": [
                0.61248397827148438,
                0.16168099999999999,
                0.33666600000000002,
                339944,
                339948,
                6484937470885,
                17179869185,
                0
            ],
            "nQuads": 419,
            "nRouts": 43
        }
    },
    "CompUnits": {
        "BmK9Z_d": {
            "mod": "tb_latch",
            "out": "BmK9Z_d.o",
            "archive": "archive.1/_20369_archive_1.a",
            "text": 6114,
            "bytes": 18498,
            "mode": 4,
            "checksum": 0
        }
    },
    "stat": {
        "ru_self_end": {
            "ru_majflt": 7,
            "ru_utime_sec": 0.169155,
            "ru_nvcsw": 1073,
            "ru_stime_sec": 0.34343600000000002,
            "ru_maxrss_kb": 103520,
            "ru_minflt": 38370,
            "ru_nivcsw": 11
        },
        "peak_mem_kb": 339968,
        "ru_childs_end": {
            "ru_majflt": 11,
            "ru_utime_sec": 0.036046000000000002,
            "ru_nvcsw": 83,
            "ru_stime_sec": 0.102247,
            "ru_maxrss_kb": 46176,
            "ru_minflt": 14587,
            "ru_nivcsw": 15
        },
        "cpu_cycles_end": 6485192781641
    }
}