{
    "stat": {
        "ru_self_end": {
            "ru_utime_sec": 0.15648799999999999,
            "ru_majflt": 4,
            "ru_stime_sec": 0.221276,
            "ru_nvcsw": 25,
            "ru_maxrss_kb": 104220,
            "ru_minflt": 38664,
            "ru_nivcsw": 32
        },
        "ru_childs_end": {
            "ru_utime_sec": 0.034084000000000003,
            "ru_majflt": 0,
            "ru_stime_sec": 0.078774999999999998,
            "ru_nvcsw": 39,
            "ru_maxrss_kb": 46416,
            "ru_minflt": 14600,
            "ru_nivcsw": 13
        },
        "peak_mem_kb": 339972,
        "cpu_cycles_end": 7896020023918
    },
    "CompUnits": {
        "BmK9Z_d": {
            "mode": 4,
            "mod": "tb_latch",
            "out": "BmK9Z_d.o",
            "bytes": 27412,
            "text": 11446,
            "checksum": 0,
            "archive": "archive.6/_21354_archive_1.a"
        }
    },
    "Modules": {
        "std": {
            "start_perf": [
                0.3353278636932373,
                0.136406,
                0.201124,
                337984,
                337992,
                1710925585.2495439,
                7895681333358
            ],
            "child_modules": {},
            "nMops": 472,
            "svclass": [
                "$vcs_nba_dyn_obj",
                0,
                37,
                2,
                2,
                0,
                "sigprop$$",
                0,
                37,
                2,
                2,
                0,
                "process",
                0,
                184,
                8,
                8,
                0,
                "event",
                0,
                36,
                2,
                2,
                0,
                "mailbox",
                0,
                107,
                9,
                9,
                0,
                "semaphore",
                0,
                71,
                5,
                5,
                0
            ],
            "Compiled": "Yes",
            "Compiled Times": 7,
            "nRouts": 33,
            "nQuads": 218,
            "end_perf": [
                0.33989191055297852,
                0.13919599999999999,
                0.20282900000000001,
                337996,
                338000,
                7895695161255,
                12884901889,
                0
            ]
        },
        "...MASTER...": {
            "start_perf": [
                0.3207240104675293,
                0.132768,
                0.195659,
                337972,
                337992,
                1710925585.2349401,
                7895637527910
            ],
            "nMops": 0,
            "child_modules": {
                "std": 1,
                "glbl": 1,
                "tb_latch": 1
            },
            "nRouts": 5,
            "nQuads": 0,
            "end_perf": [
                0.33522796630859375,
                0.13636499999999999,
                0.20106399999999999,
                337984,
                337992,
                7895681083377,
                0,
                0
            ]
        },
        "tb_latch": {
            "start_perf": [
                0.33998703956604004,
                0.139235,
                0.20288500000000001,
                337996,
                338000,
                1710925585.2542031,
                7895695312073
            ],
            "child_modules": {},
            "nMops": 1672,
            "Compiled": "Yes",
            "Compiled Times": 7,
            "significant_routs": [
                [
                    13,
                    "R_VCSgd_BmK9Z_d",
                    11621934,
                    1310,
                    246
                ]
            ],
            "nRouts": 90,
            "nQuads": 797,
            "end_perf": [
                0.36107802391052246,
                0.15224799999999999,
                0.21095900000000001,
                339948,
                339952,
                7895758633778,
                17179869185,
                0
            ]
        },
        "glbl": {
            "start_perf": [
                0.36113286018371582,
                0.15227199999999999,
                0.21099100000000001,
                339948,
                339952,
                1710925585.2753489,
                7895758741631
            ],
            "nMops": 301,
            "child_modules": {},
            "Compiled Times": 7,
            "Compiled": "Yes",
            "nRouts": 29,
            "nQuads": 196,
            "end_perf": [
                0.36307787895202637,
                0.153248,
                0.21196000000000001,
                339948,
                339952,
                7895764621862,
                21474836481,
                0
            ]
        }
    },
    "reusePaths": {
        "amcQw_d": {
            "icPath": "csrc"
        },
        "reYIK_d": {
            "icPath": "csrc"
        },
        "WZg7r_d": {
            "icPath": "csrc"
        }
    },
    "ObjArchives": [
        {
            "size": 140628,
            "archive": "archive.6/_21354_archive_1.a",
            "objects": [
                [
                    "BmK9Z_d.o",
                    27412
                ],
                [
                    "amcQwB.o",
                    113216
                ]
            ]
        }
    ]
}