{
    "stat": {
        "cpu_cycles_end": 25363082541375,
        "ru_childs_cgstart": {
            "ru_nivcsw": 6,
            "ru_nvcsw": 18,
            "ru_utime_sec": 0.0081180000000000002,
            "ru_stime_sec": 0.040890000000000003,
            "ru_maxrss_kb": 45660,
            "ru_minflt": 5798,
            "ru_majflt": 7
        },
        "Frontend(%)": 60.126340200582163,
        "peak_mem_kb": 341284,
        "ru_self_cgstart": {
            "ru_nivcsw": 23,
            "ru_nvcsw": 24,
            "ru_utime_sec": 0.14122199999999999,
            "ru_stime_sec": 0.19831099999999999,
            "ru_maxrss_kb": 100580,
            "ru_minflt": 35164,
            "ru_majflt": 7
        },
        "totalObjSize": 225820,
        "cpu_cycles_cgstart": 25362533634284,
        "nMops": 9696,
        "mopSpeed": 97902.804002544464,
        "nQuads": 3895,
        "ru_self_end": {
            "ru_nivcsw": 29,
            "ru_nvcsw": 30,
            "ru_utime_sec": 0.22284200000000001,
            "ru_stime_sec": 0.22422800000000001,
            "ru_maxrss_kb": 107432,
            "ru_minflt": 40166,
            "ru_majflt": 7
        },
        "ru_childs_end": {
            "ru_nivcsw": 11,
            "ru_nvcsw": 41,
            "ru_utime_sec": 0.025534999999999999,
            "ru_stime_sec": 0.091550999999999993,
            "ru_maxrss_kb": 48452,
            "ru_minflt": 14591,
            "ru_majflt": 9
        },
        "quadSpeed": 39328.735725032042,
        "cpu_cycles_total": 1288748675,
        "mop/quad": 2.4893453145057767,
        "CodeGen(%)": 39.873659799417837,
        "outputSizePerQuad": 57.97689345314506,
        "realTime": 0.55239105224609375
    },
    "cycles_program_begin": 25361793792700,
    "perf": [
        {
            "stat": [
                "main",
                "entry",
                0.12269401550292969,
                0.066687999999999997,
                0.086897000000000002,
                254392,
                254392,
                0.0,
                0.0,
                1710319662.122534,
                25361794224371
            ],
            "sub": [
                {
                    "stat": [
                        "doParsingAndDesignResolution",
                        "entry",
                        0.12665605545043945,
                        0.066687999999999997,
                        0.090857999999999994,
                        256516,
                        256640,
                        0.0,
                        0.0,
                        1710319662.1264961,
                        25361806043515
                    ],
                    "sub": []
                },
                {
                    "stat": [
                        "doParsingAndDesignResolution",
                        "exit",
                        0.18791389465332031,
                        0.075531000000000001,
                        0.14300499999999999,
                        266588,
                        266592,
                        0.0,
                        0.0,
                        1710319662.1877539,
                        25361989779061
                    ],
                    "sub": []
                },
                {
                    "stat": [
                        "doPostDesignResolutionToVir2Vcs",
                        "entry",
                        0.18921303749084473,
                        0.075531000000000001,
                        0.144286,
                        266868,
                        266872,
                        0.0,
                        0.0,
                        1710319662.1890531,
                        25361993643382
                    ],
                    "sub": [
                        {
                            "stat": [
                                "doUptoVir2VcsNoSepCleanup",
                                "entry",
                                0.19809508323669434,
                                0.080485000000000001,
                                0.14821000000000001,
                                267856,
                                267860,
                                0.0,
                                0.0,
                                1710319662.1979351,
                                25362020276499
                            ],
                            "sub": []
                        },
                        {
                            "stat": [
                                "doUptoVir2VcsNoSepCleanup",
                                "exit",
                                0.30526304244995117,
                                0.130214,
                                0.19431899999999999,
                                338440,
                                338460,
                                0.0,
                                0.0,
                                1710319662.3051031,
                                25362341681617
                            ],
                            "sub": []
                        },
                        {
                            "stat": [
                                "doRadify_vir2vcsAll",
                                "entry",
                                0.30534505844116211,
                                0.130247,
                                0.19436899999999999,
                                338440,
                                338460,
                                0.0,
                                0.0,
                                1710319662.3051851,
                                25362341857909
                            ],
                            "sub": []
                        },
                        {
                            "stat": [
                                "doRadify_vir2vcsAll",
                                "exit",
                                0.31147599220275879,
                                0.13384099999999999,
                                0.196767,
                                338440,
                                338460,
                                0.0,
                                0.0,
                                1710319662.311316,
                                25362360321196
                            ],
                            "sub": []
                        }
                    ]
                },
                {
                    "stat": [
                        "doPostDesignResolutionToVir2Vcs",
                        "exit",
                        0.31153202056884766,
                        0.13386500000000001,
                        0.196802,
                        338440,
                        338460,
                        0.0,
                        0.0,
                        1710319662.311372,
                        25362360408321
                    ],
                    "sub": []
                },
                {
                    "stat": [
                        "doGAToPass2",
                        "entry",
                        0.31156086921691895,
                        0.133877,
                        0.19681899999999999,
                        338440,
                        338460,
                        0.0,
                        0.0,
                        1710319662.3114009,
                        25362360489165
                    ],