{
    "PEModules": [],
    "cycles_program_begin": 22127472729564,
    "stat": {
        "peak_mem_kb": 341088,
        "nQuads": 3883,
        "cpu_cycles_cgstart": 22128519742359,
        "cpu_cycles_end": 22129085110633,
        "ru_self_cgstart": {
            "ru_utime_sec": 0.19201699999999999,
            "ru_stime_sec": 0.18296899999999999,
            "ru_minflt": 35204,
            "ru_maxrss_kb": 100576,
            "ru_nvcsw": 36,
            "ru_majflt": 25,
            "ru_nivcsw": 31
        },
        "mopSpeed": 110208.07722078038,
        "outputSizePerQuad": 31.361833633788308,
        "ru_childs_cgstart": {
            "ru_utime_sec": 0.012685999999999999,
            "ru_stime_sec": 0.067164000000000001,
            "ru_minflt": 5794,
            "ru_maxrss_kb": 45656,
            "ru_nvcsw": 81,
            "ru_majflt": 11,
            "ru_nivcsw": 9
        },
        "nMops": 9682,
        "quadSpeed": 44199.335245640388,
        "totalObjSize": 121778,
        "ru_self_end": {
            "ru_utime_sec": 0.24407699999999999,
            "ru_stime_sec": 0.21482799999999999,
            "ru_minflt": 39923,
            "ru_maxrss_kb": 106940,
            "ru_nvcsw": 55,
            "ru_majflt": 34,
            "ru_nivcsw": 38
        },
        "ru_childs_end": {
            "ru_utime_sec": 0.048478,
            "ru_stime_sec": 0.10824499999999999,
            "ru_minflt": 14582,
            "ru_maxrss_kb": 48176,
            "ru_nvcsw": 145,
            "ru_majflt": 16,
            "ru_nivcsw": 20
        },
        "cpu_cycles_total": 1612381069,
        "mop/quad": 2.4934329126963686,
        "Frontend(%)": 69.97077472611987,
        "CodeGen(%)": 30.02922527388013,
        "realTime": 0.63620686531066895
    },
    "Misc": {
        "vcs_version": "O-2018.09-1_Full64",
        "vcs_build_date": "Build Date = Oct 12 2018 20:38:10",
        "csrc_abs": "/home/ICer/xilinx_prj/ahb_lite/vcs/csrc",
        "daidir": "/home/ICer/xilinx_prj/ahb_lite/vcs/top_simv.daidir",
        "VCS_HOME": "/home/synopsys/vcs-mx/O-2018.09-1",
        "hostname": "IC_EDA",
        "csrc": "csrc",
        "cwd": "/home/ICer/xilinx_prj/ahb_lite/vcs",
        "master_pid": 65252,
        "daidir_abs": "/home/ICer/xilinx_prj/ahb_lite/vcs/top_simv.daidir",
        "default_output_dir": "csrc",
        "archive_dir": "archive.1"
    },
    "NameTable": {
        "XIL_DEFAULTLIB.mem_ahb": [
            "XIL_DEFAULTLIB0x2emem_ahb",
            "i3M17",
            "module",
            4
        ],
        "glbl": [
            "glbl",
            "WZg7r",
            "module",
            2
        ],
        "top": [
            "top",
            "Emx8S",
            "module",
            1
        ],
        "XIL_DEFAULTLIB.ahb_lite_s3": [
            "XIL_DEFAULTLIB0x2eahb_lite_s3",
            "BUhr4",
            "module",
            3
        ],
        "...MASTER...": [
            "SIM",
            "amcQw",
            "module",
            5
        ]
    },
    "perf": [
        {
            "stat": [
                "main",
                "entry",
                0.098764896392822266,
                0.080792000000000003,
                0.063624,
                254392,
                254392,
                0.0,
                0.0,
                1710307563.88463,
                22127473050695
            ],
            "sub": [
                {
                    "stat": [
                        "doParsingAndDesignResolution",
                        "entry",
                        0.10278487205505371,
                        0.083367999999999998,
                        0.065067,
                        256516,
                        256640,
                        0.0,
                        0.0,
                        1710307563.8886499,
                        22127485202045
                    ],
                    "sub": []
                },
                {
                    "stat": [
                        "doParsingAndDesignResolution",
                        "exit",
                        0.16124200820922852,
                        0.121061,
                        0.085750999999999994,
                        266588,
                        266592,
                        0.0,
                        0.0,
                        1710307563.9471071,
                        22127660448242
                    ],
                    "sub": []
                },
                {
                    "stat": [
                        "doPostDesignResolutionToVir2Vcs",
                        "entry",
                        0.16223788261413574,
                        0.121061,
                        0.086747000000000005,
                        266868,
                        266872,
                        0.0,
                        0.0,
                        1710307563.948103,
                        22127663552333
                    ],
                    "sub": [
                        {
                            "stat": [
                                "doUptoVir2VcsNoSepCleanup",
                                "entry",
                                0.1717078685760498,
                                0.12731300000000001,
                                0.089927000000000007,
                                267856,
                                267860,
                                0.0,
                                0.0,
                                1710307563.9575729,
                                22127691819085
                            ],
                            "sub": []
                        },
                        {
                            "stat": [
                                "doUptoVir2VcsNoSepCleanup",
                                "exit",
                                0.27967000007629395,
                                0.180372,
                                0.13200400000000001,
                                338440,
                                338460,
                                0.0,
                                0.0,
                                1710307564.0655351,
                                22128015732985
                            ],
                            "sub": []
                        },
                        {
                            "stat": [
                                "doRadify_vir2vcsAll",
                                "entry",
                                0.27975082397460938,
                                0.18042,
                                0.13203899999999999,
                                338440,
                                338460,
                                0.0,
                                0.0,
                                1710307564.0656159,
                                22128015912890
                            ],
                            "sub": []
                        },
                        {
                            "stat": [
                                "doRadify_vir2vcsAll",
                                "exit",
                                0.31272387504577637,
                                0.18473700000000001,
                                0.15260799999999999,
                                338440,
                                338460,
                                0.0,
                                0.0,
                                1710307564.0985889,
                                22128114938551
                            ],