{
    "Modules": {
        "...MASTER...": {
            "start_perf": [
                0.30277705192565918,
                0.211253,
                0.10512100000000001,
                338440,
                338460,
                1710319697.7965381,
                25468790770122
            ],
            "child_modules": {
                "top": 1,
                "glbl": 1
            },
            "nMops": 0,
            "nQuads": 0,
            "end_perf": [
                0.31181788444519043,
                0.214361,
                0.106672,
                338452,
                338460,
                25468818035401,
                0,
                0
            ],
            "nRouts": 5
        },
        "top": {
            "start_perf": [
                0.31198596954345703,
                0.214529,
                0.106672,
                338452,
                338460,
                1710319697.805747,
                25468818385627
            ],
            "significant_routs": [
                [
                    82,
                    "U_VCSgd_Emx8S_82",
                    3300746,
                    1395,
                    220
                ]
            ],
            "child_modules": {
                "XIL_DEFAULTLIB.ahb_lite_s3": 1,
                "XIL_DEFAULTLIB.mem_ahb": 3
            },
            "Compiled": "Yes",
            "Compiled Times": 11,
            "end_perf": [
                0.37451386451721191,
                0.26944400000000002,
                0.113025,
                341252,
                341252,
                25469005973945,
                12884901889,
                0
            ],
            "nMops": 11688,
            "nQuads": 4450,
            "nRouts": 292
        },
        "glbl": {
            "start_perf": [
                0.3745720386505127,
                0.26948499999999997,
                0.113042,
                341252,
                341252,
                1710319697.8683331,
                25469006094650
            ],
            "child_modules": {},
            "Compiled": "Yes",
            "Compiled Times": 11,
            "nMops": 301,
            "nQuads": 196,
            "end_perf": [
                0.37744784355163574,
                0.27210800000000002,
                0.11329400000000001,
                341252,
                341256,
                25469014777688,
                17179869185,
                0
            ],
            "nRouts": 29
        },
        "XIL_DEFAULTLIB.ahb_lite_s3": {
            "start_perf": [
                0.37749981880187988,
                0.272146,
                0.11330999999999999,
                341252,
                341256,
                1710319697.8712609,
                25469014876077
            ],
            "child_modules": {},
            "Compiled": "Yes",
            "Compiled Times": 11,
            "nMops": 1764,
            "nQuads": 700,
            "end_perf": [
                0.3826749324798584,
                0.27728000000000003,
                0.113341,
                341252,
                341256,
                25469030458032,
                25769803777,
                0
            ],
            "nRouts": 81
        },
        "XIL_DEFAULTLIB.mem_ahb": {
            "start_perf": [
                0.38273000717163086,
                0.27732000000000001,
                0.113357,
                341252,
                341256,
                1710319697.8764911,
                25469030562754
            ],
            "child_modules": {},
            "Compiled": "Yes",
            "Compiled Times": 11,
            "nMops": 1787,
            "nQuads": 774,
            "end_perf": [
                0.38939785957336426,
                0.28292600000000001,
                0.114181,
                341252,
                341256,
                25469050627286,
                42949672961,
                0
            ],
            "nRouts": 96
        }
    },
    "CompUnits": {
        "Emx8S_d": {
            "archive": "archive.10/_52838_archive_1.a",
            "mod": "top",
            "checksum": 0,
            "bytes": 103652,
            "out": "Emx8S_d.o",
            "text": 40185,
            "mode": 4
        }
    },
    "reusePaths": {
        "amcQw_d": {
            "icPath": "csrc"
        },
        "WZg7r_d": {
            "icPath": "csrc"
        },
        "BUhr4_d": {
            "icPath": "csrc"
        },
        "i3M17_d": {
            "icPath": "csrc"
        }
    },
    "stat": {
        "peak_mem_kb": 341276,
        "ru_self_end": {
            "ru_utime_sec": 0.28578300000000001,
            "ru_stime_sec": 0.12377199999999999,
            "ru_nivcsw": 27,
            "ru_maxrss_kb": 107436,
            "ru_minflt": 40177,
            "ru_majflt": 0,
            "ru_nvcsw": 26
        },
        "ru_childs_end": {
            "ru_utime_sec": 0.028926,
            "ru_stime_sec": 0.072667999999999996,
            "ru_nivcsw": 17,
            "ru_maxrss_kb": 48456,
            "ru_minflt": 14600,
            "ru_majflt": 0,
            "ru_nvcsw": 39
        },
        "cpu_cycles_end": 25469288647979
    },
    "ObjArchives": [
        {
            "archive": "archive.10/_52838_archive_1.a",
            "objects": [
                [
                    "Emx8S_d.o",
                    103652
                ],
                [
                    "amcQwB.o",
                    122012
                ]
            ],
            "size": 225664
        }
    ]
}