{
    "stat": {
        "ru_self_end": {
            "ru_utime_sec": 0.24390500000000001,
            "ru_stime_sec": 0.21467700000000001,
            "ru_minflt": 39902,
            "ru_maxrss_kb": 106940,
            "ru_nvcsw": 55,
            "ru_majflt": 34,
            "ru_nivcsw": 38
        },
        "ru_childs_end": {
            "ru_utime_sec": 0.048478,
            "ru_stime_sec": 0.10824499999999999,
            "ru_minflt": 14582,
            "ru_maxrss_kb": 48176,
            "ru_nvcsw": 145,
            "ru_majflt": 16,
            "ru_nivcsw": 20
        },
        "peak_mem_kb": 341088,
        "cpu_cycles_end": 22129084145196
    },
    "Modules": {
        "...MASTER...": {
            "start_perf": [
                0.4477698802947998,
                0.192047,
                0.18299799999999999,
                338440,
                338460,
                1710307564.2336349,
                22128519982913
            ],
            "child_modules": {
                "glbl": 1,
                "top": 1
            },
            "end_perf": [
                0.4624028205871582,
                0.196321,
                0.18726000000000001,
                338452,
                338460,
                22128563931662,
                0,
                0
            ],
            "nQuads": 0,
            "nMops": 0,
            "nRouts": 5
        },
        "XIL_DEFAULTLIB.mem_ahb": {
            "start_perf": [
                0.51650285720825195,
                0.230598,
                0.20542299999999999,
                339152,
                339156,
                1710307564.3023679,
                22128726161934
            ],
            "child_modules": {},
            "nQuads": 774,
            "Compiled": "Yes",
            "Compiled Times": 2,
            "end_perf": [
                0.5224759578704834,
                0.23627799999999999,
                0.20542299999999999,
                339152,
                339156,
                22128744146915,
                42949672961,
                0
            ],
            "nMops": 1787,
            "nRouts": 96
        },
        "glbl": {
            "start_perf": [
                0.50553083419799805,
                0.22216,
                0.20305999999999999,
                339152,
                339156,
                1710307564.2913959,
                22128693246709
            ],
            "child_modules": {},
            "nQuads": 196,
            "Compiled": "Yes",
            "Compiled Times": 2,
            "end_perf": [
                0.50758504867553711,
                0.224193,
                0.20308000000000001,
                339152,
                339156,
                22128699451689,
                17179869185,
                0
            ],
            "nMops": 301,
            "nRouts": 29
        },
        "top": {
            "start_perf": [
                0.46252703666687012,
                0.196384,
                0.18731999999999999,
                338452,
                338460,
                1710307564.2483921,
                22128564236608
            ],
            "child_modules": {
                "XIL_DEFAULTLIB.ahb_lite_s3": 1,
                "XIL_DEFAULTLIB.mem_ahb": 3
            },
            "nQuads": 2213,
            "Compiled": "Yes",
            "Compiled Times": 2,
            "end_perf": [
                0.50547504425048828,
                0.22212999999999999,
                0.20303299999999999,
                339152,
                339156,
                22128693137239,
                12884901889,
                0
            ],
            "nMops": 5830,
            "nRouts": 292
        },
        "XIL_DEFAULTLIB.ahb_lite_s3": {
            "start_perf": [
                0.50763082504272461,
                0.224217,
                0.20310300000000001,
                339152,
                339156,
                1710307564.2934959,
                22128699544156
            ],
            "child_modules": {},
            "nQuads": 700,
            "Compiled": "Yes",
            "Compiled Times": 2,
            "end_perf": [
                0.51644802093505859,
                0.230568,
                0.205396,
                339152,
                339156,
                22128726059776,
                25769803777,
                0
            ],
            "nMops": 1764,
            "nRouts": 81
        }
    },
    "CompUnits": {},
    "reusePaths": {
        "amcQw_d": {
            "icPath": "csrc"
        },
        "Emx8S_d": {
            "icPath": "csrc"
        },
        "WZg7r_d": {
            "icPath": "csrc"
        },
        "BUhr4_d": {
            "icPath": "csrc"
        },
        "i3M17_d": {
            "icPath": "csrc"
        }
    },
    "ObjArchives": [
        {
            "archive": "archive.1/_65252_archive_1.a",
            "objects": [
                [
                    "amcQwB.o",
                    121778
                ]
            ],
            "size": 121778
        }
    ]
}