{
    "cpu_cycles_pass2_start": 1611117488545,
    "cycles_program_begin": 1609573836146,
    "perf": [
        {
            "stat": [
                "main",
                "entry",
                0.32013487815856934,
                0.092311000000000004,
                0.24699399999999999,
                254392,
                254392,
                0.0,
                0.0,
                1710464475.1521599,
                1609574156362
            ],
            "sub": [
                {
                    "stat": [
                        "doParsingAndDesignResolution",
                        "entry",
                        0.32458806037902832,
                        0.095477999999999993,
                        0.24799599999999999,
                        256516,
                        256640,
                        0.0,
                        0.0,
                        1710464475.1566131,
                        1609587463536
                    ],
                    "sub": []
                },
                {
                    "stat": [
                        "doParsingAndDesignResolution",
                        "exit",
                        0.44339585304260254,
                        0.12478599999999999,
                        0.32756299999999999,
                        266588,
                        266592,
                        0.0,
                        0.0,
                        1710464475.2754209,
                        1609943904503
                    ],
                    "sub": []
                },
                {
                    "stat": [
                        "doPostDesignResolutionToVir2Vcs",
                        "entry",
                        0.44460701942443848,
                        0.124789,
                        0.32877200000000001,
                        266884,
                        266888,
                        0.0,
                        0.0,
                        1710464475.2766321,
                        1609947649052
                    ],
                    "sub": [
                        {
                            "stat": [
                                "doUptoVir2VcsNoSepCleanup",
                                "entry",
                                0.45900392532348633,
                                0.137158,
                                0.33045400000000003,
                                267868,
                                267872,
                                0.0,
                                0.0,
                                1710464475.291029,
                                1609990710647
                            ],
                            "sub": []
                        },
                        {
                            "stat": [
                                "doUptoVir2VcsNoSepCleanup",
                                "exit",
                                0.69921088218688965,
                                0.22725699999999999,
                                0.45451399999999997,
                                338452,
                                338472,
                                0.0,
                                0.0,
                                1710464475.5312359,
                                1610711380843
                            ],
                            "sub": []
                        },
                        {
                            "stat": [
                                "doRadify_vir2vcsAll",
                                "entry",
                                0.69929695129394531,
                                0.22728599999999999,
                                0.45457199999999998,
                                338452,
                                338472,
                                0.0,
                                0.0,
                                1710464475.531322,
                                1610711558595
                            ],
                            "sub": []
                        },
                        {
                            "stat": [
                                "doRadify_vir2vcsAll",
                                "exit",
                                0.71812105178833008,
                                0.23313200000000001,
                                0.46749099999999999,
                                338452,
                                338472,
                                0.0,
                                0.0,
                                1710464475.5501461,
                                1610768106096
                            ],
                            "sub": []
                        }
                    ]
                },
                {
                    "stat": [
                        "doPostDesignResolutionToVir2Vcs",
                        "exit",
                        0.71817588806152344,
                        0.23315,
                        0.467528,
                        338452,
                        338472,
                        0.0,
                        0.0,
                        1710464475.5502009,
                        1610768192094
                    ],
                    "sub": []
                },
                {
                    "stat": [
                        "doGAToPass2",
                        "entry",
                        0.71820497512817383,
                        0.23316000000000001,
                        0.46754699999999999,
                        338452,
                        338472,
                        0.0,
                        0.0,
                        1710464475.55023,
                        1610768269451
                    ],
                    "sub": [
                        {
                            "stat": [
                                "DoPass2",
                                "entry",
                                0.83457493782043457,
                                0.23819100000000001,
                                0.478825,
                                338452,
                                338472,
                                0.012286999999999999,
                                0.089002999999999999,
                                1710464475.6666,
                                1611117473119
                            ],
                            "sub": []
                        },
                        {
                            "stat": [
                                "DoPass2",
                                "exit",
                                0.98072385787963867,
                                0.34514699999999998,
                                0.511243,
                                341232,
                                341260,
                                0.012286999999999999,
                                0.093816999999999998,
                                1710464475.8127489,
                                1611555900502
                            ],
                            "sub": []
                        }
                    ]
                },
                {
                    "stat": [
                        "doGAToPass2",
                        "exit",
                        1.1772089004516602,
                        0.34643600000000002,
                        0.52376500000000004,
                        341232,
                        341260,
                        0.076074000000000003,
                        0.21101300000000001,
                        1710464476.009234,
                        1612145382576
                    ],