{
    "Modules": {
        "...MASTER...": {
            "end_perf": [
                0.84611797332763672,
                0.238672,
                0.48465200000000003,
                338464,
                338472,
                1611152076119,
                0,
                0
            ],
            "start_perf": [
                0.8347170352935791,
                0.23823800000000001,
                0.47892000000000001,
                338452,
                338472,
                1710464475.6667421,
                1611117836476
            ],
            "nMops": 0,
            "child_modules": {
                "top": 1,
                "glbl": 1
            },
            "nRouts": 5,
            "nQuads": 0
        },
        "top": {
            "start_perf": [
                0.84621787071228027,
                0.238706,
                0.48471900000000001,
                338464,
                338472,
                1710464475.6782429,
                1611152325787
            ],
            "end_perf": [
                0.95610904693603516,
                0.32996500000000001,
                0.50263400000000003,
                341236,
                341236,
                1611482070190,
                12884901889,
                0
            ],
            "Compiled": "Yes",
            "child_modules": {
                "XIL_DEFAULTLIB.ahb2ahb_fifo": 2,
                "XIL_DEFAULTLIB.mem_ahb": 3,
                "XIL_DEFAULTLIB.ahb_lite_s3": 1
            },
            "Compiled Times": 10,
            "nMops": 17655,
            "significant_routs": [
                [
                    190,
                    "U_VCSgd_Emx8S_190",
                    9889314,
                    81,
                    18
                ],
                [
                    385,
                    "R_VCSgd_Emx8S_181",
                    9040472,
                    5158,
                    717
                ]
            ],
            "nRouts": 450,
            "nQuads": 7012
        },
        "glbl": {
            "end_perf": [
                0.95829391479492188,
                0.33210800000000001,
                0.50267600000000001,
                341236,
                341240,
                1611488611142,
                17179869185,
                0
            ],
            "Compiled": "Yes",
            "start_perf": [
                0.9561769962310791,
                0.32999200000000001,
                0.50267600000000001,
                341236,
                341236,
                1710464475.788202,
                1611482205174
            ],
            "nMops": 301,
            "Compiled Times": 10,
            "child_modules": {},
            "nRouts": 29,
            "nQuads": 196
        },
        "XIL_DEFAULTLIB.ahb2ahb_fifo": {
            "end_perf": [
                0.96328091621398926,
                0.33542899999999998,
                0.50432399999999999,
                341236,
                341240,
                1611503569465,
                38654705665,
                0
            ],
            "Compiled": "Yes",
            "start_perf": [
                0.95834803581237793,
                0.33216200000000001,
                0.50267600000000001,
                341236,
                341240,
                1710464475.7903731,
                1611488714600
            ],
            "nMops": 1333,
            "Compiled Times": 10,
            "child_modules": {},
            "nRouts": 65,
            "nQuads": 524
        },
        "XIL_DEFAULTLIB.mem_ahb": {
            "end_perf": [
                0.97366595268249512,
                0.34429999999999999,
                0.50583800000000001,
                341236,
                341240,
                1611534747005,
                60129542145,
                0
            ],
            "Compiled": "Yes",
            "start_perf": [
                0.96836996078491211,
                0.33982499999999999,
                0.50501799999999997,
                341236,
                341240,
                1710464475.800395,
                1611518778336
            ],
            "nMops": 1787,
            "Compiled Times": 10,
            "child_modules": {},
            "nRouts": 96,
            "nQuads": 774
        },
        "XIL_DEFAULTLIB.ahb_lite_s3": {
            "end_perf": [
                0.96831703186035156,
                0.33980300000000002,
                0.50498600000000005,
                341236,
                341240,
                1611518678848,
                42949672961,
                0
            ],
            "Compiled": "Yes",
            "start_perf": [
                0.9633338451385498,
                0.33545000000000003,
                0.50435700000000006,
                341236,
                341240,
                1710464475.7953589,
                1611503672366
            ],
            "nMops": 1612,
            "Compiled Times": 10,
            "child_modules": {},
            "nRouts": 81,
            "nQuads": 670
        }
    },
    "CompUnits": {
        "Emx8S_d": {
            "mod": "top",
            "out": "Emx8S_d.o",
            "bytes": 154492,
            "text": 66489,
            "archive": "archive.9/_7707_archive_1.a",
            "mode": 4,
            "checksum": 0
        }
    },
    "stat": {
        "ru_self_end": {
            "ru_nvcsw": 1006,
            "ru_minflt": 40235,
            "ru_utime_sec": 0.34647899999999998,
            "ru_stime_sec": 0.52383000000000002,
            "ru_nivcsw": 29,
            "ru_maxrss_kb": 113060,
            "ru_majflt": 35
        },
        "ru_childs_end": {
            "ru_nvcsw": 99,
            "ru_minflt": 14591,
            "ru_utime_sec": 0.076074000000000003,
            "ru_stime_sec": 0.21101300000000001,
            "ru_nivcsw": 14,
            "ru_maxrss_kb": 54088,
            "ru_majflt": 11
        },
        "cpu_cycles_end": 1612145572755,
        "peak_mem_kb": 341260
    },
    "reusePaths": {
        "amcQw_d": {
            "icPath": "csrc"
        },
        "i3M17_d": {
            "icPath": "csrc"
        },
        "WZg7r_d": {
            "icPath": "csrc"
        },
        "Bnzc4_d": {
            "icPath": "csrc"
        },
        "BUhr4_d": {
            "icPath": "csrc"
        }
    },
    "ObjArchives": [
        {
            "archive": "archive.9/_7707_archive_1.a",
            "objects": [
                [
                    "Emx8S_d.o",
                    154492
                ],
                [
                    "amcQwB.o",
                    123234
                ]
            ],
            "size": 277726
        }
    ]
}